{
  "Llama 3.1 8B": {
    "n_items": 100,
    "delta_raw": 0.4168333333333334,
    "se_analytic": 0.04703169824416975,
    "se_bootstrap": 0.0467223149502462,
    "ci_95_analytic": [
      0.32465120477476067,
      0.509015461891906
    ],
    "ci_95_bootstrap": [
      0.32283333333333336,
      0.5063333333333333
    ],
    "p_value_wilcoxon": 9.445903604849082e-11,
    "per_item_deltas": [
      1.0,
      0.0,
      1.0,
      0.0,
      0.4,
      0.0,
      0.0,
      1.0,
      1.0,
      0.0,
      0.19999999999999996,
      0.0,
      1.0,
      0.8,
      0.8,
      0.0,
      1.0,
      0.4,
      0.0,
      1.0,
      0.8,
      0.0,
      0.6,
      1.0,
      0.0,
      1.0,
      1.0,
      0.0,
      0.0,
      0.0,
      1.0,
      0.0,
      0.0,
      1.0,
      1.0,
      0.8,
      1.0,
      0.0,
      0.6,
      1.0,
      0.0,
      -0.2,
      0.0,
      0.0,
      0.8,
      0.0,
      0.0,
      1.0,
      0.0,
      0.0,
      0.6,
      1.0,
      0.8,
      0.8,
      1.0,
      0.0,
      0.4,
      1.0,
      1.0,
      1.0,
      0.0,
      0.75,
      0.0,
      0.0,
      1.0,
      1.0,
      1.0,
      0.0,
      0.0,
      1.0,
      0.0,
      0.0,
      0.0,
      0.0,
      0.0,
      0.19999999999999996,
      1.0,
      1.0,
      1.0,
      0.19999999999999996,
      0.8,
      0.0,
      0.0,
      0.0,
      -0.8,
      1.0,
      0.0,
      1.0,
      0.0,
      0.33333333333333337,
      0.19999999999999996,
      0.0,
      0.19999999999999996,
      1.0,
      0.19999999999999996,
      0.0,
      0.0,
      0.0,
      0.0,
      0.0
    ],
    "delta_irt_proxy": 0.9146831927122326,
    "amplification": 2.194361917215825
  },
  "Llama 4 Scout 17B": {
    "n_items": 100,
    "delta_raw": 0.40199999999999997,
    "se_analytic": 0.04981237524223,
    "se_bootstrap": 0.049515046198100224,
    "ci_95_analytic": [
      0.3043677445252292,
      0.49963225547477075
    ],
    "ci_95_bootstrap": [
      0.3064875,
      0.49849999999999994
    ],
    "p_value_wilcoxon": 2.3779591557755797e-10,
    "per_item_deltas": [
      1.0,
      0.0,
      1.0,
      0.0,
      0.0,
      0.0,
      0.0,
      1.0,
      1.0,
      0.0,
      0.0,
      0.0,
      1.0,
      1.0,
      0.0,
      0.0,
      1.0,
      0.0,
      0.0,
      1.0,
      0.0,
      0.0,
      0.6,
      1.0,
      0.0,
      1.0,
      1.0,
      0.0,
      1.0,
      0.0,
      1.0,
      0.0,
      0.0,
      1.0,
      1.0,
      0.8,
      1.0,
      0.0,
      0.0,
      1.0,
      0.0,
      1.0,
      0.0,
      0.0,
      0.0,
      0.0,
      0.0,
      1.0,
      0.0,
      0.0,
      0.8,
      1.0,
      0.8,
      0.0,
      1.0,
      1.0,
      0.0,
      1.0,
      1.0,
      1.0,
      0.0,
      0.25,
      0.0,
      0.0,
      1.0,
      1.0,
      1.0,
      0.0,
      -0.25,
      1.0,
      1.0,
      0.0,
      0.0,
      0.0,
      0.0,
      0.0,
      1.0,
      1.0,
      1.0,
      0.0,
      0.8,
      0.0,
      -0.2,
      0.0,
      0.0,
      1.0,
      0.0,
      1.0,
      0.0,
      0.0,
      0.0,
      0.0,
      0.0,
      1.0,
      0.8,
      -0.4,
      -0.4,
      -0.2,
      0.8,
      0.0
    ],
    "delta_irt_proxy": 0.9611786362566691,
    "amplification": 2.3909916318845026
  },
  "Qwen3 32B": {
    "n_items": 42,
    "delta_raw": 0.37023809523809526,
    "se_analytic": 0.08216473643540981,
    "se_bootstrap": 0.08097127200368735,
    "ci_95_analytic": [
      0.20919521182469203,
      0.5312809786514985
    ],
    "ci_95_bootstrap": [
      0.2119047619047619,
      0.5273809523809524
    ],
    "p_value_wilcoxon": 7.423283377306115e-05,
    "per_item_deltas": [
      0.0,
      -0.6,
      0.0,
      0.6,
      1.0,
      -0.25,
      1.0,
      1.0,
      1.0,
      0.8,
      0.19999999999999996,
      -0.6,
      0.8,
      1.0,
      -0.4,
      -0.4,
      1.0,
      -0.2,
      0.8,
      1.0,
      0.4,
      0.0,
      0.6,
      1.0,
      -0.2,
      0.0,
      1.0,
      0.0,
      0.0,
      0.4,
      1.0,
      0.6,
      0.0,
      1.0,
      0.0,
      -0.2,
      1.0,
      0.8,
      0.4,
      0.0,
      0.0,
      0.0
    ],
    "delta_irt_proxy": 0.8224579310330912,
    "amplification": 2.221429780968477
  },
  "GPT-OSS 120B": {
    "n_items": 5,
    "delta_raw": 0.4,
    "se_analytic": 0.24494897427831783,
    "se_bootstrap": 0.21822887068396796,
    "ci_95_analytic": [
      -0.08009998958550296,
      0.8800999895855031
    ],
    "ci_95_bootstrap": [
      0.0,
      0.8
    ],
    "p_value_wilcoxon": null,
    "per_item_deltas": [
      1.0,
      0.0,
      1.0,
      0.0,
      0.0
    ],
    "delta_irt_proxy": 0.9999999989999999,
    "amplification": 2.4999999968749997
  }
}